hashtag,post
codingroute,1
programming,1
programmer,1
coding,1
code,1
developer,1
softwaredevelopment,1
softwareengineer,1
clanguage,1
commonmistakes,1
computerscience,1
computerengineering,1
computerengineer,1
programmingislife,1
softwarearchitecture,1
mistake,1
appdevelopment,1
codingroute,28
codechallenge,28
ccode,28
cdeveloper,28
cprogrammer,28
codingchallenge,28
codenewbie,28
codingroute,4
code,4
programmer,4
developer,4
webdevelopment,4
webdeveloper,4
http,4
https,4
httpstatuscode,4
cheatsheet,4
html,4
css,4
javascript,4
codingroute,2
peerprogramming,2
agile,2
tdd,2
programming,2
coding,2
programmer,2
code,2
developer,2
programmingislife,2
testdrivendevelopment,2
testdrivendesign,2
computerscience,2
computerengineering,2
computerengineer,2
vuejs,4
reactjs,4
angularjs,4
programming,4
softwareengineeringstudent,4
softwareengineering,4
softwareengineer,4
computerscience,4
computerscienceengineering,4
computersciencestudent,4
codingdays,28
codepen,28
softwareengineer,28
codinglife,28
codingroute,8
timeestimation,8
planningfallacy,8
projectmanagement,8
estimacion,8
falaciadelaplanificacion,8
coding,8
code,8
coder,8
programmer,8
programming,8
developer,8
appdevelopment,8
appdeveloper,8
computersciencestudent,8
computerscience,8
programmer,5
programacion,5
programming,5
developer,5
code,5
codingroute,5
coding,5
java,5
javaswing,5
jtable,5
frontend,5
appdevelopment,5
appdeveloper,5
computersciencestudent,5
codingroute,3
aboutme,3
code,3
programmer,3
developer,3
programming,3
cprogramming,3
java,3
bash,3
assembly,3
ruby,3
appdevelopment,3
webdevelopment,3
appdeveloper,3
webdeveloper,3
softwareengineer,3
softwareengineering,3
softwareengineeringstudent,3
computersciencestudent,3
computerscienceengineering,3
programacion,3
ingenieriainformatica,3
softwareengineeringstudent,5
softwareengineering,5
softwareengineer,5
computerscienceengineering,8
softwareengineeringstudent,8
softwareengineering,8
softwareengineer,8
programmingstudents,28
100daysofcode,28
computerscience,28
codingroute,11
terminal,11
command,11
programacion,11
codigo,11
programador,11
ingeniero,11
coding,11
programmer,11
programming,11
developer,11
webdevelopment,11
softwareengineer,11
codinglife,11
programminglove,11
hacker,11
bash,11
mobiledevelopment,11
appdeveloper,11
iosdeveloper,11
androiddev,11
softwaredeveloper,11
codingroute,6
coding,6
code,6
programmer,6
programming,6
programacion,6
codigo,6
developer,6
variable,6
variablename,6
programmingguide,6
programmingtutorial,6
goodcode,6
computersciencestudent,6
computerscience,6
computerscienceengineering,6
softwareengineeringstudent,6
softwareengineering,6
softwareengineer,6
javascriptdeveloper,11
100daysofcode,11
programmingisfun,28
softwaredeveloper,28
cybersecurity,23
hash,23
cryptography,23
hacker,23
ethicalhacking,23
hacking,23
developer,23
kalilinux,23
codinglife,23
softwareengineering,23
developers,23
developerlife,23
100daysofcode,23
peoplewhocode,23
coders,23
programmingisfun,23
codingisfun,23
codingroute,9
instagramforprogrammers,9
100daysofcode,9
javascriptdeveloper,9
webdeveloper,9
coding,9
programmer,9
programming,9
code,9
coder,9
coders,9
webdevelopment,9
website,9
html,9
css,9
vuejs,9
developer,9
development,9
reactjs,9
technology,9
computerscience,9
programminglanguage,9
programminglanguages,9
softwaredeveloper,9
webdev,9
webdesign,9
webdesigner,9
programminglife,9
smartgoals,9
goals,9
codingroute,7
coding,7
code,7
codigo,7
developer,7
programmer,7
programming,7
programacion,7
computersciencestudent,7
computerscience,7
computerscienceengineering,7
softwareengineeringstudent,7
softwareengineering,7
softwareengineer,7
clanguage,7
clanguageprogramming,7
projectideas,7
beginnerprogrammer,7
learntocode,23
learnprogramming,23
computerengineering,23
codingroute,23
codenewbie,23
codepen,23
codingdays,23
softwareengineer,23
programmingstudents,23
softwaredeveloper,23
worldcode,23
code,23
programmerslife,23
learnprogramming,28
datastructures,24
datastructure,24
linkedlist,24
codingroute,24
codenewbie,24
codingdays,24
codepen,24
developerlife,24
codingroute,14
programacion,14
codigo,14
programador,14
softwareengineer,14
projectideas,14
developerspace,14
programminglife,14
100daysofcode,14
frontenddevelopment,14
codingdays,14
webdeveloper,14
coder,14
javascript,14
html,14
dev,14
computerprogramming,14
codingchallenge,14
javascriptdeveloper,14
fullstackdev,14
webdeveloperproblems,14
webdeveloperslife,14
lovecoding,14
appdevelopers,14
codingroute,12
programacion,12
codigo,12
programador,12
ingeniero,12
coding,12
programming,12
developer,12
webdevelopment,12
softwareengineer,12
codinglife,12
programminglove,12
database,12
postgres,12
couchdb,12
dynamodb,12
redis,12
neo4j,12
cosmosdb,12
mongodb,12
hbase,12
cassandra,12
sql,12
nosql,12
mobiledevelopment,12
appdeveloper,12
softwaredeveloper,12
100daysofcode,12
frontenddeveloper,14
codingisfun,14
cybersecurity,14
privacy,14
vpn,14
softwareengineer,24
codinglife,24
computerengineering,24
programmingstudents,24
100daysofcode,24
computerscience,24
programmingisfun,24
softwaredeveloper,24
learnprogramming,24
worldcode,24
codingroute,17
programacion,17
codigo,17
programador,17
java,17
maven,17
programming,17
coding,17
programmer,17
developer,17
webdeveloper,17
code,17
codinglife,17
coder,17
softwaredeveloper,17
codingroute,15
codingroute,10
coding,10
programmer,10
programming,10
developer,10
webdevelopment,10
softwareengineer,10
codinglife,10
programminglove,10
hacker,10
javascript,10
java,10
pythonprogramming,10
csharp,10
clanguage,10
htmlcss,10
swift,10
golang,10
mobiledevelopment,10
appdeveloper,10
iosdeveloper,10
androiddev,10
softwaredeveloper,10
programacion,15
codigo,15
programador,15
htmlcssjavascript,15
javascriptdeveloper,15
htmlcss,15
frontenddeveloper,15
htmldeveloper,15
developer,15
css,15
programmer,15
javascript,15
webdeveloper,15
programming,15
coding,15
code,15
softwareengineer,15
codinglife,15
softwaredeveloper,15
coder,15
webdevelopment,15
html,15
computerscience,15
programmers,15
webdev,15
100daysofcode,15
developers,15
peoplewhocode,15
reactjs,15
codingroute,16
programacion,16
codigo,16
programador,16
softwareengineer,17
computerscience,17
webdevelopment,17
programmers,17
software,17
developers,17
developerlife,17
development,17
devlife,17
peoplewhocode,17
codingdays,17
webdev,17
100daysofcode,17
programminglife,17
softwareengineering,17
developer,24
learntocode,24
code,24
programmerslife,24
codingisfun,24
developers,24
peoplewhocode,24
coders,24
programminglife,24
programmerlife,24
development,24
webdeveloper,24
learntocode,28
developer,28
code,28
programmerslife,28
codingisfun,28
codingroute,25
hangman,25
cproject,25
ccode,25
cdeveloper,25
cprogrammer,25
codingchallenge,25
codenewbie,25
codingdays,25
codepen,25
codingroute,19
programacion,19
codigo,19
phishing,19
hacking,19
security,19
codingroute,13
tutorialhell,13
programacion,13
codigo,13
programador,13
softwareengineer,13
projectideas,13
developerspace,13
programminglife,13
100daysofcode,13
frontenddevelopment,13
codingdays,13
webdeveloper,13
coder,13
javascript,13
html,13
dev,13
python,13
computerprogramming,13
codingchallenge,13
htmlcss,13
javascriptdeveloper,13
fullstackdev,13
htmlcoding,13
webdeveloperproblems,13
webdeveloperslife,13
lovecoding,13
appdevelopers,13
frontenddeveloper,13
codingisfun,13
cybersecurity,19
hacker,19
programming,19
coding,19
programmer,19
developer,19
code,19
coder,19
developerlife,25
safari,16
web,16
opera,16
chrome,16
edge,16
firefox,16
browser,16
code,16
webdeveloper,16
programming,16
programmer,16
html,16
javascript,16
coding,16
developer,16
css,16
softwareengineer,16
codinglife,16
coder,16
softwaredeveloper,16
webdevelopment,16
computerscience,16
peoplewhocode,16
devlife,16
100daysofcode,16
softwareeengineering,16
webdeveloper,19
softwareengineer,19
codinglife,19
softwaredeveloper,19
computerscience,19
html,19
webdevelopment,19
software,19
worldcode,19
peoplewhocode,19
100daysofcode,19
softwareengineering,19
webdev,19
programmerslife,19
programmerlife,19
learntocode,19
softwareengineer,25
codingroute,21
codechallenge,21
ccode,21
cdeveloper,21
cprogrammer,21
codingchallenge,21
codenewbie,21
codingdays,21
codepen,21
softwareengineer,21
codinglife,21
programmingstudents,21
100daysofcode,21
computerscience,21
programmingisfun,21
softwaredeveloper,21
learnprogramming,21
learntocode,21
developer,21
code,21
programmerslife,21
codingisfun,21
peoplewhocode,21
programminglife,21
programmerlife,21
cprogramming,21
softwareengineering,21
coding,21
codingroute,18
programacion,18
codigo,18
programador,18
tests,18
programming,18
junit,18
programmer,18
coding,18
developer,18
webdeveloper,18
code,18
codinglife,18
softwareengineer,18
coder,18
softwaredeveloper,18
webdevelopment,18
computerscience,18
peoplewhocode,18
software,18
100daysofcode,18
java,18
codingdays,18
devlife,18
learntocode,18
programminglife,18
fullstackdeveloper,18
codingisfun,18
coderlife,18
softwaredevelopment,18
backenddeveloper,21
coder,21
codinglife,25
computerengineering,25
programmingstudents,25
100daysofcode,25
computerscience,25
programmingisfun,25
softwaredeveloper,25
learnprogramming,25
developer,25
worldcode,25
learntocode,25
code,25
programmerslife,25
codingisfun,25
peoplewhocode,25
coders,25
cprogramming,25
programming,25
peoplewhocode,28
programminglife,28
programmerlife,28
cprogramming,28
softwareengineering,28
coding,28
backenddeveloper,28
coder,28
codingroute,35
codechallenge,35
python,35
codingroute,26
userexperience,26
ux,26
userinterface,26
uiux,26
webdesign,26
uidesigner,26
webdeveloper,26
uxdesigner,26
uxui,26
uxigers,26
userinterfacedesign,26
uiuxdesign,26
webdesigners,26
userexperiencedesign,26
uxuidesign,26
developer,26
uiuxdesigner,26
webdevelopment,26
softwareengineer,26
softwaredeveloper,26
codinglife,26
ui,26
androiddeveloper,26
appdeveloper,26
codingdays,26
codepen,26
htmlcss,26
100daysofcode,26
programmingisfun,26
pythoncode,35
codingroute,29
docker,29
devops,29
softwareengineer,29
softwaredevelopment,29
coder,29
devlife,29
developer,29
codingdays,29
webdev,29
webdeveloper,29
developerlife,29
softwaredeveloper,29
webdevelopment,29
100daysofcode,29
fullstackdeveloper,29
programmerslife,29
learntocode,29
softwareengineering,29
codingisfun,29
computerengineer,29
codenewbie,29
androiddeveloper,29
appdeveloper,29
codepen,29
computerengineering,29
programmingstudents,29
programmingisfun,29
learnprogramming,29
backenddeveloper,29
pythondeveloper,35
pythonprogrammer,35
codingchallenge,35
codenewbie,35
codingdays,35
codingroute,20
htmlcss,20
javaprogramming,20
programminglanguages,20
css,20
golang,20
javascript,20
html,20
java,20
php,20
csharpprogramming,20
csharp,20
learntocode,20
learnprogramming,20
html5,20
js,20
css3,20
cprogramming,20
cplusplus,20
swiftprogramming,20
flutter,20
programminglanguage,20
kotlin,20
assembler,20
arduino,20
clojure,20
100daysofcode,20
python,20
pythonprogramming,20
codingdays,20
codepen,35
softwareengineer,35
codinglife,35
programmingstudents,35
100daysofcode,35
computerscience,35
programmingisfun,35
softwaredeveloper,35
learnprogramming,35
learntocode,35
developer,35
code,35
programmerslife,35
codingisfun,35
peoplewhocode,35
programminglife,35
programmerlife,35
pythonprogramming,35
softwareengineering,35
coding,35
backenddeveloper,35
codingroute,59
testdrivendevelopment,59
tdd,59
agilescrum,59
agiletraining,59
agileleadership,59
productowner,59
productmanagement,59
scrummaster,59
agiledevelopment,59
agilemethodology,59
agilecoach,59
productmanager,59
codenewbie,59
agile,59
projectmanagement,59
fullstackdeveloper,59
appdeveloper,59
codingdays,59
developerlife,59
userexperience,59
softwareengineer,59
thedevlife,59
computerengineering,59
computerengineer,59
programmingstudents,59
programador,59
devlife,59
computerscience,59
programmingisfun,59
codingroute,60
codechallenge,60
python,60
codingroute,22
learntocode,22
learningtocode,22
100daysofcode,22
programmer,22
developer,22
peoplewhocode,22
worldcode,22
girlswhocode,22
codingdays,22
womenintech,22
womenwhocode,22
programmerslife,22
coderlife,22
backenddeveloper,22
developers,22
software,22
coders,22
computerscience,22
programmingisfun,22
programmerlife,22
codingisfun,22
learnprogramming,22
codelife,22
code,22
coding,22
programming,22
softwareengineer,22
softwaredeveloper,22
codinglife,22
pythoncode,60
pythondeveloper,60
pythonprogrammer,60
codingchallenge,60
codenewbie,60
codingdays,60
codepen,60
softwareengineer,60
codinglife,60
programmingstudents,60
100daysofcode,60
computerscience,60
programmingisfun,60
softwaredeveloper,60
learnprogramming,60
learntocode,60
developer,60
code,60
codingroute,39
datastructures,39
datastructure,39
stack,39
codenewbie,39
codingdays,39
codepen,39
developerlife,39
softwareengineer,39
codinglife,39
computerengineering,39
programmingstudents,39
100daysofcode,39
computerscience,39
programmingisfun,39
softwaredeveloper,39
learnprogramming,39
worldcode,39
developer,39
learntocode,39
arraylist,39
programmerslife,39
codingisfun,39
developers,39
peoplewhocode,39
coders,39
programminglife,39
programmerlife,39
cprogramming,39
stackoverflow,39
codingroute,30
onionrouting,30
encryption,30
cryptography,30
softwareengineer,30
developerlife,30
thedevlife,30
fullstackdeveloper,30
codenewbie,30
computerengineer,30
computerengineering,30
codinglife,30
programmingstudents,30
devlife,30
100daysofcode,30
computerscience,30
software,30
programmingisfun,30
softwaredeveloper,30
learnprogramming,30
cybersecurity,30
softwareengineering,30
hacker,30
hacking,30
hack,30
ethicalhacking,30
anonymous,30
cyber,30
technology,30
kalilinux,30
codingroute,36
kubernetes,36
docker,36
pokemongo,36
scalability,36
devops,36
mobileapp,36
webapp,36
google,36
googlecloud,36
googlego,36
golang,36
codenewbie,36
projectmanagement,36
androiddeveloper,36
flutter,36
appdeveloper,36
fullstackdeveloper,36
codingroute,27
podcasts,27
softskills,27
developers,27
softwaredeveloper,27
developer,27
softwareengineer,27
programmerslife,27
codinglife,27
webdev,27
peoplewhocode,27
codingdays,27
100daysofcode,27
frontenddeveloper,27
fullstackdeveloper,27
learntocode,27
codingisfun,27
thedevlife,27
programmingisfun,27
appdeveloper,27
codepen,27
developerlife,27
programmingstudents,27
learnprogramming,27
worldcode,27
cybersecurity,27
code,27
ethicalhacking,27
datascience,27
ai,27
codingdays,36
developerlife,36
thedevlife,36
softwareengineer,36
codinglife,36
computerengineering,36
computerengineer,36
codingroute,31
datastructures,31
datastructure,31
array,31
codenewbie,31
codingdays,31
codepen,31
developerlife,31
softwareengineer,31
codinglife,31
computerengineering,31
programmingstudents,31
100daysofcode,31
computerscience,31
programmingisfun,31
softwaredeveloper,31
learnprogramming,31
worldcode,31
developer,31
learntocode,31
arraylist,31
programmerslife,31
codingisfun,31
developers,31
peoplewhocode,31
coders,31
programminglife,31
programmerlife,31
cprogramming,31
java,31
programmingstudents,36
devlife,36
codingroute,32
wordsearch,32
cproject,32
ccode,32
cdeveloper,32
cprogrammer,32
codingchallenge,32
codenewbie,32
codingdays,32
codepen,32
developerlife,32
softwareengineer,32
codinglife,32
computerengineering,32
programmingstudents,32
100daysofcode,32
computerscience,32
programmingisfun,32
softwaredeveloper,32
learnprogramming,32
developer,32
worldcode,32
learntocode,32
code,32
programmerslife,32
codingisfun,32
peoplewhocode,32
coders,32
cprogramming,32
programming,32
100daysofcode,36
computerscience,36
webdev,36
motivational,37
mymotivation,37
codenewbie,37
appdeveloper,37
androiddeveloper,37
fullstackdeveloper,37
codingdays,37
developerlife,37
thedevlife,37
softwareengineer,37
codinglife,37
computerengineering,37
computerengineer,37
programmingstudents,37
devlife,37
javascriptdeveloper,37
iosdeveloper,37
computerscience,37
100daysofcode,37
programmingisfun,37
webdev,37
software,37
softwaredeveloper,37
learnprogramming,37
worldcode,37
learntocode,37
programmerslife,37
codingisfun,37
developer,37
softwaredevelopment,37
programmerslife,60
codingisfun,60
peoplewhocode,60
programminglife,60
programmerlife,60
pythonprogramming,60
softwareengineering,60
coding,60
backenddeveloper,60
codingroute,33
agilemethodology,33
agilescrum,33
agilecoach,33
productmanagement,33
agile,33
agiledevelopment,33
projectmanagement,33
agiletraining,33
agileleadership,33
productmanager,33
productowner,33
scrummaster,33
devops,33
agilemanifesto,33
fdd,33
softwareengineer,33
codenewbie,33
androiddeveloper,33
appdeveloper,33
fullstackdeveloper,33
developerlife,33
userexperience,33
thedevlife,33
codinglife,33
computerengineering,33
computerengineer,33
programmingstudents,33
devlife,33
computerscience,33
codingroute,61
computersciencestudent,61
programmingstudent,61
computerscience,61
computerprogramming,61
programmingisfun,61
programmingstudents,61
softwaredeveloper,61
developer,61
softwareengineer,61
codenewbie,61
developerlife,61
thedevlife,61
codinglife,61
computerengineering,61
computerengineer,61
programador,61
devlife,61
100daysofcode,61
software,61
webdev,61
learnprogramming,61
learntocode,61
dev,61
code,61
programmerslife,61
codingisfun,61
softwaredevelopment,61
informationtechnology,61
programminglife,61
codingroute,34
browser,34
extension,34
safari,34
chrome,34
edge,34
firefox,34
mozillafirefox,34
darkmode,34
scrapper,34
webscrapper,34
webscrapping,34
fontsninja,34
darkreader,34
wappalyzer,34
webtechnologies,34
webdeveloper,34
fonts,34
webdev,34
webapp,34
developer,34
fullstackdeveloper,34
htmlcss,34
css,34
javascriptdeveloper,34
html,34
html5,34
css3,34
js,34
webdevelopment,34
codingroute,38
cybersecurity,38
passwordsecurity,38
password,38
hacking,38
hacker,38
ethicalhacking,38
hackers,38
infosec,38
informationsecurity,38
ethicalhacker,38
hackerspace,38
hack,38
hacked,38
cyberattack,38
cybersecurityawareness,38
dataprotection,38
cybersecuritytraining,38
privacy,38
cryptography,38
developerlife,38
thedevlife,38
softwareengineer,38
computerengineering,38
codinglife,38
computerengineer,38
programmingstudents,38
devlife,38
computerscience,38
kalilinux,38
codingroute,40
mastermind,40
cproject,40
ccode,40
cdeveloper,40
cprogrammer,40
codingchallenge,40
codenewbie,40
codingdays,40
codepen,40
developerlife,40
softwareengineer,40
codinglife,40
computerengineering,40
programmingstudents,40
100daysofcode,40
computerscience,40
programmingisfun,40
softwaredeveloper,40
learnprogramming,40
developer,40
worldcode,40
learntocode,40
code,40
programmerslife,40
codingisfun,40
peoplewhocode,40
coders,40
cprogramming,40
programming,40
codingroute,41
codechallenge,41
java,41
javacode,41
javadeveloper,41
javaprogrammer,41
codingchallenge,41
codenewbie,41
codingdays,41
codepen,41
softwareengineer,41
codinglife,41
programmingstudents,41
100daysofcode,41
computerscience,41
programmingisfun,41
softwaredeveloper,41
learnprogramming,41
learntocode,41
developer,41
code,41
programmerslife,41
codingisfun,41
peoplewhocode,41
programminglife,41
programmerlife,41
pythonprogramming,41
softwareengineering,41
coding,41
backenddeveloper,41
codingroute,42
algorithm,42
cryptography,42
hacker,42
programmer,42
softwareengineer,42
softwaredeveloper,42
hacking,42
ethicalhacking,42
kalilinux,42
cybersecurity,42
ethicalhacker,42
programmingisfun,42
hacked,42
hackerspace,42
informationsecurity,42
computerengineering,42
codingisfun,42
softwareengineering,42
informationtechnology,42
softwaredevelopment,42
cybersecuritytraining,42
infosec,42
hackers,42
cybersecurityawareness,42
dataprotection,42
computerengineer,42
programmingstudents,42
computerscience,42
privacy,42
codingroute,43
datastructures,43
datastructure,43
queue,43
codenewbie,43
codingdays,43
codepen,43
developerlife,43
softwareengineer,43
codinglife,43
computerengineering,43
programmingstudents,43
100daysofcode,43
computerscience,43
programmingisfun,43
softwaredeveloper,43
learnprogramming,43
worldcode,43
developer,43
learntocode,43
arraylist,43
programmerslife,43
codingisfun,43
developers,43
peoplewhocode,43
coders,43
programminglife,43
programmerlife,43
cprogramming,43
line,43
codingroute,44
googleandroid,44
googlechrome,44
chrome,44
google,44
gmail,44
programador,44
developer,44
devlife,44
softwareengineer,44
softwaredeveloper,44
computerscience,44
developerlife,44
codinglife,44
peoplewhocode,44
codingdays,44
worldcode,44
programminglife,44
programmers,44
thedevlife,44
developers,44
programmerlife,44
coderlife,44
programmerslife,44
coders,44
codingisfun,44
learntocode,44
softwareengineering,44
programmingisfun,44
softwaredevelopment,44
codingroute,45
codechallenge,45
ccode,45
cdeveloper,45
cprogrammer,45
codingchallenge,45
codenewbie,45
codingdays,45
codepen,45
softwareengineer,45
codinglife,45
programmingstudents,45
100daysofcode,45
computerscience,45
programmingisfun,45
softwaredeveloper,45
learnprogramming,45
learntocode,45
developer,45
code,45
programmerslife,45
codingisfun,45
peoplewhocode,45
programminglife,45
programmerlife,45
cprogramming,45
softwareengineering,45
coding,45
backenddeveloper,45
coder,45
codingroute,46
timeefficiency,46
appdeveloper,46
mobileapp,46
fullstackdeveloper,46
codingdays,46
codepen,46
developerlife,46
userexperience,46
algorithm,46
thedevlife,46
softwareengineer,46
codinglife,46
computerengineering,46
programador,46
computerengineer,46
programmingstudents,46
devlife,46
100daysofcode,46
programminglanguage,46
iosdeveloper,46
javascriptdeveloper,46
computerscience,46
software,46
webdev,46
programmingisfun,46
softwaredeveloper,46
learnprogramming,46
javaprogramming,46
worldcode,46
codingroute,47
googlesearch,47
search,47
google,47
computerscience,47
coding,47
programmer,47
programming,47
softwareengineer,47
softwaredeveloper,47
webdeveloper,47
code,47
codinglife,47
webdevelopment,47
developerlife,47
worldcode,47
software,47
peoplewhocode,47
devlife,47
codingdays,47
fullstackdeveloper,47
100daysofcode,47
programmerslife,47
programminglife,47
programmerlife,47
learntocode,47
coderlife,47
codingisfun,47
thedevlife,47
development,47
codingroute,48
codechallenge,48
ccode,48
cdeveloper,48
cprogrammer,48
codingchallenge,48
codenewbie,48
codingdays,48
codepen,48
softwareengineer,48
codinglife,48
programmingstudents,48
100daysofcode,48
computerscience,48
programmingisfun,48
softwaredeveloper,48
learnprogramming,48
learntocode,48
developer,48
code,48
programmerslife,48
codingisfun,48
peoplewhocode,48
programminglife,48
programmerlife,48
cprogramming,48
softwareengineering,48
coding,48
backenddeveloper,48
coder,48
codingroute,49
mozillafirefox,49
googleads,49
facebookads,49
mozilla,49
google,49
browser,49
softwaredeveloper,49
programmer,49
softwareengineer,49
computerscience,49
developer,49
webdeveloper,49
programming,49
coding,49
code,49
coder,49
codinglife,49
peoplewhocode,49
softwareengineering,49
developers,49
codingdays,49
codingisfun,49
learntocode,49
coderlife,49
coders,49
thedevlife,49
100daysofcode,49
programmingisfun,49
softwaredevelopment,49
codingroute,50
encryption,50
cryptography,50
cybersecurity,50
vigenere,50
passwordsecurity,50
informationsecurity,50
cyberattack,50
codenewbie,50
cybersecuritytraining,50
hash,50
infosec,50
codingdays,50
codepen,50
hackers,50
cybersecurityawareness,50
developerlife,50
hackerspace,50
dataprotection,50
ethicalhacker,50
algorithm,50
thedevlife,50
softwareengineer,50
codinglife,50
computerengineering,50
programador,50
computerengineer,50
programmingstudents,50
devlife,50
100daysofcode,50
codingroute,51
datastructures,51
datastructure,51
graph,51
codenewbie,51
codingdays,51
codepen,51
developerlife,51
softwareengineer,51
codinglife,51
computerengineering,51
programmingstudents,51
100daysofcode,51
computerscience,51
programmingisfun,51
softwaredeveloper,51
learnprogramming,51
worldcode,51
developer,51
learntocode,51
arraylist,51
programmerslife,51
codingisfun,51
developers,51
peoplewhocode,51
coders,51
programminglife,51
programmerlife,51
cprogramming,51
googlemaps,51
codingroute,52
incognitomode,52
incognito,52
anonymous,52
google,52
isp,52
cybersecurity,52
browser,52
mozilla,52
googlechrome,52
mozillafirefox,52
programming,52
chrome,52
programmer,52
coding,52
developer,52
code,52
softwareengineer,52
coder,52
softwaredeveloper,52
codinglife,52
computerscience,52
programmers,52
developerlife,52
worldcode,52
peoplewhocode,52
devlife,52
codingdays,52
100daysofcode,52
fullstackdeveloper,52
codingroute,53
bitcoincryptocurrency,53
blockchain,53
cryptocurrency,53
crypto,53
btc,53
cryptocurrencies,53
decentralized,53
blockchaintechnology,53
decentralization,53
cryptolife,53
encryption,53
cryptography,53
informationsecurity,53
codenewbie,53
anonymous,53
hash,53
infosec,53
fullstackdeveloper,53
appdeveloper,53
codingdays,53
cybersecurityawareness,53
developerlife,53
dataprotection,53
thedevlife,53
softwareengineer,53
codinglife,53
computerengineering,53
computerengineer,53
programmingstudents,53
codingroute,54
clanguage,54
learntocode,54
computerengineering,54
cse,54
programmer,54
computersciencestudent,54
computerscience,54
coding,54
programming,54
code,54
programmerslife,54
developer,54
softwaredeveloper,54
codinglife,54
softwareengineer,54
programminglife,54
developerlife,54
devlife,54
worldcode,54
peoplewhocode,54
fullstackdeveloper,54
100daysofcode,54
thedevlife,54
coderlife,54
programmingisfun,54
codingisfun,54
softwareengineering,54
backenddeveloper,54
softwaredevelopment,54
codingroute,55
browser,55
webpage,55
url,55
domain,55
code,55
internet,55
programmer,55
programming,55
coding,55
developer,55
webdeveloper,55
javascript,55
codinglife,55
softwaredeveloper,55
coder,55
softwareengineer,55
computerscience,55
developerlife,55
peoplewhocode,55
worldcode,55
devlife,55
codingdays,55
fullstackdeveloper,55
webdevelopment,55
thedevlife,55
developers,55
html,55
learntocode,55
webdev,55
codingroute,56
framework,56
django,56
djangoframework,56
springframework,56
python,56
javascript,56
coding,56
developer,56
programmer,56
webdeveloper,56
codinglife,56
softwaredeveloper,56
softwareengineer,56
computerscience,56
frontenddeveloper,56
webdevelopment,56
100daysofcode,56
devlife,56
softwareengineering,56
webdev,56
developers,56
learntocode,56
fullstackdeveloper,56
development,56
backenddeveloper,56
vuejs,56
nodejs,56
angular,56
react,56
codingroute,57
clanguage,57
learntocode,57
computerengineering,57
cse,57
programmer,57
computersciencestudent,57
computerscience,57
coding,57
programming,57
code,57
programmerslife,57
developer,57
softwaredeveloper,57
codinglife,57
softwareengineer,57
programminglife,57
developerlife,57
devlife,57
worldcode,57
peoplewhocode,57
fullstackdeveloper,57
100daysofcode,57
thedevlife,57
coderlife,57
programmingisfun,57
codingisfun,57
softwareengineering,57
backenddeveloper,57
softwaredevelopment,57
codingroute,58
tcpip,58
googlecloud,58
informationsecurity,58
browser,58
http,58
protocol,58
cybersecuritytraining,58
infosec,58
network,58
hackers,58
cybersecurityawareness,58
router,58
developerlife,58
gmail,58
softwareengineer,58
computerengineering,58
computerengineer,58
programmingstudents,58
computerscience,58
software,58
webdev,58
programmingisfun,58
softwaredeveloper,58
crypto,58
learnprogramming,58
developer,58
learntocode,58
dev,58
codingisfun,58
