efimero.y.eterno._,2
noobcoderss,2
agustindcol,1
agustin_roca_,1
amireboza,1
an__enthusiast,1
anthonyafgx,1
attituderulez,1
brunodeangeliss,1
chiaruverona,1
closetcoders,1
codeiteasy,1
codingroute,1
developer_hemant,1
devjaiye,1
devwithdan,1
deyv.in,1
efimero.y.eterno._,1
elfuego_software,1
__escanor__7,1
_gapry,1
gentalentpath,1
hacelomarcelo,1
itchallenges,1
javascript.person,1
joacogdelr,1
kiarahpatel_,1
_gapry,2
_nicobritos,1
closetcoders,2
ontologify,1
santiospital,1
santipreusche,1
santiroca_,1
sebastianmajerowicz,1
shadowdive,1
sol.bellomo,1
sebastianmajerowicz,2
elfuego_software,2
yoda_coding,2
hacelomarcelo,2
antoo.mon,2
santiospital,2
santipreusche,2
catasoubrie,2
joacogdelr,2
ubudiyyaah,2
ontologify,2
johnna.prt2,2
dr.doofen_smirtz,2
agustindcol,2
devwithdan,2
lupinovickc,2
kvng_sney,2
ashxmoreno,2
anthonyafgx,2
javascript.person,2
_nicobritos,2
agustin_roca_,2
sol.bellomo,2
brunodeangeliss,2
nerdy.code,2
coding.style.mm,2
devdfordevs,2
devspeter,2
efimero.y.eterno._,6
mauojed,6
_gapry,6
uncle_steve_dev,6
forgoodcode,6
developer_hemant,6
nacho_mendez99,6
solcairella,6
nasna.d,6
ubudiyyaah,6
technicalinterview,6
iq.code,6
_nicobritos,6
devdfordevs,6
sol.bellomo,6
santiospital,6
andersonmilk,6
serhatcumakaraca,6
joacogdelr,6
juangriggio,6
sandy2682k,6
creativetocoder,6
devwithdan,6
santipreusche,6
closetcoders,6
lupinovickc,1
lupinovickc,6
agustin_roca_,6
agustindcol,6
ehsanhasankhani,6
manishsharma_933,18
thedevilsw0rld,18
efimero.y.eterno._,18
zipage_,18
efimero.y.eterno._,4
_gapry,4
sir.data,4
closetcoders,4
sebastianmajerowicz,4
elfuego_software,4
code.architects,4
sol.bellomo,4
devwithdan,4
kwiag1,4
solcairella,4
joacogdelr,4
developer_hemant,4
santiospital,4
benjamin.drn,4
nacho_mendez99,4
codingroute,4
_nicobritos,4
juangriggio,4
santipreusche,4
lupinovickc,4
agustin_roca_,4
agustindcol,4
yahoo_baba,4
eaea055,18
exercising_productivity,8
peeterilison,8
efimero.y.eterno._,8
digitalmarketing.boy,8
devjaiye,8
_gapry,8
codingbucket,8
sol.bellomo,8
sebastianmajerowicz,8
devwithdan,8
educational_hive,18
___bx1,3
efimero.y.eterno._,3
noobcoderss,3
devjaiye,3
_gapry,3
codingbucket,3
closetcoders,3
sebastianmajerowicz,3
elfuego_software,3
yoda_coding,3
hacelomarcelo,3
developer_hemant,3
lupinovickc,3
_nicobritos,3
anthonyafgx,3
nacho_mendez99,3
matifourcade,3
ger_martinezz,3
santiospital,3
devwithdan,3
catasoubrie,3
juangriggio,3
solcairella,3
191997l,3
kwiag1,3
agustindcol,3
attituderulez,3
chiaruverona,3
sol.bellomo,3
agustin_roca_,3
ubudiyyaah,3
gentalentpath,3
joacogdelr,3
dr.doofen_smirtz,3
aarlop_dev,3
developer_hemant,8
mister_kwao,8
joacogdelr,8
_nicobritos,8
persistentprogrammer,8
juangriggio,8
hacelomarcelo,8
amireboza,8
santiospital,8
santipreusche,8
agustin_roca_,8
agustindcol,8
chiaruverona,8
solcairella,8
agustin_roca_,18
apelmago,18
mister_kwao,18
tech1learner,18
guidogucci,18
dheeraj__abhi,18
pedrocarranzavelez,18
devwithdan,18
santipreusche,18
_nicobritos,18
codingbucket,18
peerigon,18
alaq_786,18
chiaruverona,18
lupinovickc,18
juangriggio,18
elfuego_software,18
solcairella,18
efimero.y.eterno._,5
_gapry,5
matthewincardona,5
closetcoders,5
mister_kwao,5
coding_viking,5
agustin_roca_,5
sebastianmajerowicz,5
joacogdelr,5
elfuego_software,5
_nicobritos,5
shadowdive,5
sol.bellomo,5
kwiag1,5
ubudiyyaah,5
agustindcol,5
jsc_ainera,5
theappdeveloper_,5
lau_lau_esteche,5
solcairella,5
johnna.prt2,5
lupinovickc,5
graphic_xpress,5
dr.doofen_smirtz,5
santipreusche,5
santiospital,5
martin.diana_remax,5
xadhrit,5
juangriggio,5
devwithdan,5
gogogokocha,5
lspericias,5
noobcoderss,18
anthonyafgx,18
agustindcol,18
sol.bellomo,18
usefulcoder,18
thedevilsw0rld,16
efimero.y.eterno._,16
divysuggests,16
educational_hive,16
oualid_alchimiste,16
shreyashwaghmare_10,16
sol.bellomo,16
arsakareemrandhawa,16
santipreusche,16
santiospital,16
joacogdelr,16
kwiag1,16
pedrocarranzavelez,16
ubudiyyaah,16
lupinovickc,16
efimero.y.eterno._,7
digitalmarketing.boy,7
devjaiye,7
_gapry,7
codingbucket,7
matthewincardona,7
joacogdelr,7
sir.data,7
sol.bellomo,7
developer_hemant,7
dheeraj_abhi,7
mister_kwao,7
forgoodcode,7
kwiag1,7
black_sahak,7
insane.suraj,7
santiospital,7
_nicobritos,7
francisconetodata,7
sebastianmajerowicz,7
kimsijin77,7
darmiromero,7
agustindcol,7
lupinovickc,7
agustin_roca_,7
devwithdan,7
andersonmilk,7
juangriggio,7
santipreusche,7
solcairella,7
megha_gajakosh,7
fgrodz,16
programming__web,16
insane.suraj,16
ger_martinezz,16
mister_kwao,16
chiaruverona,16
codingbucket,16
tamizh.me,16
coding.wiz,16
agustin_roca_,16
juangriggio,16
solcairella,16
agustindcol,16
mo_codez,16
yura.ps,11
thedevilsw0rld,11
efimero.y.eterno._,11
digitalmarketing.boy,11
noobcoderss,11
devjaiye,11
_gapry,11
uncle_steve_dev,11
alifitsolutions,11
codingbucket,11
fgrodz,11
konstantinos_reppas_,11
anthonyafgx,11
joacogdelr,11
devwithdan,11
solcairella,11
__escanor__7,11
developer_hemant,11
catasoubrie,11
efimero.y.eterno._,10
digitalmarketing.boy,10
devjaiye,10
efimero.y.eterno._,9
forgoodcode,9
digitalmarketing.boy,9
devjaiye,9
_gapry,9
codingbucket,9
_nicobritos,9
santipreusche,9
nerdy.code,9
matthewincardona,9
solcairella,9
codingwithroby,9
sol.bellomo,9
catasoubrie,9
kiarahpatel_,9
joacogdelr,9
ubudiyyaah,9
agustindcol,9
santiospital,9
usefulcoder,9
chiaruverona,9
agustin_roca_,9
anaveecodes,9
medplay.ar,9
bestcoding,9
walkingwire,9
juangriggio,9
sir.data,9
_gapry,10
ghostmanproductions,10
alifitsolutions,10
codingbucket,10
johnna.prt2,10
developer_hemant,10
mister_kwao,10
fgrodz,10
nasna.d,10
nerdy.code,10
santiospital,10
lukes.code,10
ubudiyyaah,10
mr_hardik_chauhan,10
kwiag1,10
_nicobritos,10
santipreusche,10
ger_martinezz,10
arav.indh7393,10
sol.bellomo,10
joacogdelr,10
juangriggio,10
devwithdan,10
developer_tees,10
agustindcol,10
agustin_roca_,10
javascript_coding,10
insane.suraj,10
chiaruverona,10
inplaytech,10
solcairella,10
agustin_roca_,11
juangriggio,11
santipreusche,11
codingwithroby,11
santiospital,11
_nicobritos,11
sol.bellomo,11
chiaruverona,11
buckesurfboards,11
devdfordevs,11
jcperuggia,11
shreyasagrawal_,11
thedevilsw0rld,13
efimero.y.eterno._,13
divysuggests,13
developer_hemant,13
sol.bellomo,13
digitalmarketing.boy,13
noobcoderss,13
__escanor__7,13
lfkopp,12
viky_ev,12
thedevilsw0rld,12
efimero.y.eterno._,12
forgoodcode,12
awantika.chauhan,12
digitalmarketing.boy,12
nickdev,12
noobcoderss,12
devjaiye,12
js4coders,12
codingroute,12
_nicobritos,12
joacogdelr,12
mister_kwao,12
codingbucket,12
developer_hemant,12
uncle_steve_dev,12
fgrodz,12
closetcoders,12
codingwithroby,12
sebastianmajerowicz,12
sol.bellomo,12
santipreusche,12
kimslijin77,12
santiospital,12
_gapry,12
andersonmilk,12
usefulcoder,12
devwithdan,12
anaveecodes,12
juangriggio,12
peerigon,12
ubudiyyaah,12
chiaruverona,12
rogerio_rocha1960,12
agustin_roca_,12
bluetidedev,12
alinealexandreof,12
agustindcol,12
juangriggio,13
johnna.prt2,13
devjaiye,13
bhaveshajani177,13
js4coders,13
mister_kwao,13
codingwithroby,13
rurisama8,13
catasoubrie,13
tamizh.me,13
mauojed,13
apelmago,13
rico.kl,13
samuel_codes,13
dr.doofen_smirtz,13
santiospital,13
viki.code,13
solcairella,13
kwiag1,13
joacogdelr,13
devdfordevs,13
_nicobritos,13
agustin_roca_,13
chiaruverona,13
agustindcol,13
codingbucket,13
santipreusche,13
closetcoders,13
akshaykulkarni1234,21
thedevilsw0rld,21
efimero.y.eterno._,21
joacogdelr,21
kwiag1,21
nerdy.code,21
shtuchka.666,21
inspyre.it,21
peerigon,21
mister_kwao,21
fgrodz,21
santiospital,21
santipreusche,21
codingbucket,21
akshaykulkarni1234,19
thedevilsw0rld,19
efimero.y.eterno._,19
eaea055,19
santiospital,19
rurisama8,19
forgoodcode,19
codingbucket,19
educational_hive,19
sol.bellomo,19
ubudiyyaah,19
agustin_roca_,19
tech1learner,19
oualid_alchimiste,19
andersonmilk,19
shadowdive,19
santipreusche,19
solcairella,19
apelmago,19
pedrocarranzavelez,19
_nicobritos,19
guidogucci,19
thedevilsw0rld,15
efimero.y.eterno._,15
michelepicchioni,15
educational_hive,15
tech1learner,15
developer_hemant,15
ubudiyyaah,15
coding_weber,15
noobcoderss,15
solcairella,15
gmmy_16,15
devwithdan,15
catasoubrie,15
kwiag1,15
jeffersonjjbajb,15
javascript_coding,15
pedrocarranzavelez,15
_nicobritos,15
mister_kwao,15
santipreusche,15
sol.bellomo,15
amireboza,15
joacogdelr,15
anthonyafgx,15
codebrewmugs,15
lukes.code,15
agustin_roca_,15
juangriggio,15
aarlop_dev,15
santiospital,15
chiaruverona,15
ui.vladimir,15
apelmago,15
bestcoding,15
creativetocoder,15
ger_martinezz,15
codingbucket,15
lupinovickc,15
alinealexandreof,15
s0ftware__,15
samuel_codes,15
whatsjscript,15
thedevilsw0rld,14
efimero.y.eterno._,14
forgoodcode,14
educational_hive,14
developer_hemant,14
sol.bellomo,14
tech1learner,14
polidea,14
_code.python_,14
digitalmarketing.boy,14
azdine.elj,14
mister_kwao,14
ubudiyyaah,14
gmmy_16,14
_nicobritos,14
kwiag1,14
codingbucket,14
devjaiye,14
agustin_roca_,14
closetcoders,14
joacogdelr,14
worldofivo,14
apelmago,14
anaveecodes,14
defedc,14
santipreusche,14
agustindcol,15
nacho_mendez99,14
santiospital,14
juanalbertost,14
porterisaacllc,14
agustindcol,14
noobcoderss,14
chiaruverona,14
jugal_93707,14
juangriggio,14
danscodingjourney,15
enkonix.software,19
kwiag1,19
agustindcol,19
juangriggio,19
p_iconic_,19
walterjpweb,19
lupinovickc,19
sol.bellomo,21
agustin_roca_,21
guidogucci,21
_nicobritos,21
ger_martinezz,21
developer_hemant,21
13__prime,21
constellation.eu,21
chiaruverona,21
solcairella,21
juangriggio,21
agustindcol,21
programminghacker,21
efimero.y.eterno._,17
noobcoderss,17
shreyashwaghmare_10,17
educational_hive,17
insane.suraj,17
agustindcol,17
codenameskyy,17
devwithdan,17
codingwithroby,17
azdine.elj,17
sol.bellomo,17
pedrocarranzavelez,17
santiospital,17
agustin_roca_,17
rishav.codes,17
juangriggio,17
fgrodz,17
santipreusche,17
solcairella,17
oualid_alchimiste,17
lupinovickc,17
tech1learner,17
codejanu,17
codingbucket,17
bestcoding,17
alma__digital,17
mister_kwao,17
akshaykulkarni1234,20
thedevilsw0rld,20
efimero.y.eterno._,20
educational_hive,20
coding__html_css_js,20
dheeraj__abhi,20
coder_1.0,20
iq.code,20
audrey.bediako,20
alinealexandreof,20
hacelomarcelo,20
lupinovickc,20
codingbucket,20
devjaiye,20
developer_hemant,20
shreyashwaghmare_10,20
pedrocarranzavelez,20
santipreusche,20
joacogdelr,20
jeffersonjjbajb,20
an_istarik,20
solcairella,20
agustin_roca_,20
sol.bellomo,20
eaea055,20
_nicobritos,20
apelmago,20
juangriggio,20
insane.suraj,20
agustindcol,20
santiospital,20
r_v_lovely_kishore,20
_akshit.taneja_,20
chiaruverona,20
alaq_786,20
andersonmilk,20
josspin09,20
guidogucci,20
abithumor,20
